<?xml version="1.0" encoding="UTF-8"?>
<beans xmlns="http://www.springframework.org/schema/beans"
	xmlns:xsi="http://www.w3.org/2001/XMLSchema-instance"
	xsi:schemaLocation="http://www.springframework.org/schema/beans
   http://www.springframework.org/schema/beans/spring-beans-3.0.xsd">

<!-- this below bean will result errors because for date type we are giving string as input -->
<!-- 	<bean name="emp"
		class="com.cts.aj007.spring_date_xml_demo.Employee">
		<property name="employeeId" value="101" />
		<property name="firstName" value="Kranthi" />
		<property name="lastName" value="Kumar" />
		<property name="dateOfJoining" value="2020-01-01" />
	</bean>                                                       -->
	
<!-- if there is date type in class create sdf bean parse the string to date below code snippets is used for thats-->	
	
	<bean name="sdf" class="java.text.SimpleDateFormat">
			<constructor-arg value="yyyy-MM-dd" />
	</bean>
	<bean name="doj" factory-bean="sdf" factory-method="parse">
				<constructor-arg value="2020-01-01" />
	</bean>
	
	<bean name="emp"
		class="com.cts.aj007.spring_date_xml_demo.Employee">
		<property name="employeeId" value="101" />
		<property name="firstName" value="Kranthi" />
		<property name="lastName" value="Kumar" />
		<property name="dateOfJoining" ref="doj"/>
	</bean>
	

</beans>