<?xml version="1.0" encoding="UTF-8"?>
<beans xmlns="http://www.springframework.org/schema/beans"
	xmlns:xsi="http://www.w3.org/2001/XMLSchema-instance"
	xsi:schemaLocation="http://www.springframework.org/schema/beans
   http://www.springframework.org/schema/beans/spring-beans-3.0.xsd">
  
  <bean name="sony" class="com.cts.aj007.spring_demo_3.Sony">
  </bean>
  
 <bean name="pioner" class="com.cts.aj007.spring_demo_3.pioneer">
  </bean>
  
  <bean name="car" class="com.cts.aj007.spring_demo_3.Car" autowire="byName">
                                  <!-- by default above bean is autowire = "byType"....gets no error if there is only one sony type audio -->
                                
                                  <!--  if there are two implementations pioneer ,sony for single type audio we will get error, use byName instead -->
                                  
                                  <!-- this below constructor is used to initialization the inputs -->
    
    <!--   	<constructor-arg name="name" value="swift"/>
    	<constructor-arg name="brand" value="Maruti Suzuki"/>
    	<constructor-arg name="audio" ref="sony"/>   -->
    	
                                       <!-- this below property method is used to set the input values same as construtor -->	
  <property name="name" value="civic"/>
  <property name="brand" value="honda"/>
 <!--   <property name="audio" ref="sony"/>   -->
  
  
  
  </bean>
  
  
  
  
  
</beans>   