<?xml version="1.0" encoding="UTF-8"?>
<beans xmlns="http://www.springframework.org/schema/beans"
	xmlns:xsi="http://www.w3.org/2001/XMLSchema-instance"
	xsi:schemaLocation="http://www.springframework.org/schema/beans
   http://www.springframework.org/schema/beans/spring-beans-3.0.xsd">
 
 <bean name="emp" class="com.cts.aj007.spring_demo_2.entity.Employee" >
       <property name="employeeId" value="E100"/>
       <property name="firstName" value="Rama"/>
       <property name="lastName" value="Krishna"/>
</bean>

<bean name="emp1" class="com.cts.aj007.spring_demo_2.entity.Employee" scope="prototype">
       <property name="employeeId" value="E101"/>
       <property name="firstName" value="Kranthi"/>
       <property name="lastName" value="Kumar"/>
       <property name="address" ref="address" />
       
   <!-- <property name="address">
             <ref bean="address"/>
        </property>                 --> 
   
   <!--  <property name="lastName">
             <value>Kumar</value>
        </property>        -->
       
</bean>

<bean name="emp2" class="com.cts.aj007.spring_demo_2.entity.Employee" scope="prototype">
       <property name="employeeId" value="E102"/>
       <property name="firstName" value="Kranthi"/>
       <property name="lastName" value="Kumar"/>
       <property name="address" ref="address" />       
</bean>

<bean name="emp3" class="com.cts.aj007.spring_demo_2.entity.Employee" scope="prototype">
       <property name="employeeId" value="E103"/>
       <property name="firstName" value="dhiraj"/>
       <property name="lastName" value="mixer"/>
       <property name="address" ref="address" />
</bean>

<bean  name="address" class="com.cts.aj007.spring_demo_2.entity.Address">
       <property name="doorNo" value="A123"/>
       <property name="street" value="Nehrunagar"/>
       <property name="city" value="Sircilla"/>
       <property name="pincode" value="505301"/>

</bean>



<bean  name="department" class="com.cts.aj007.spring_demo_2.entity.Department">
       <property name="departmentId" value="ADM007"/>
       <property name="departmentName" value="ECE"/>
       <property name="employees">
       <list>
       <ref bean="emp1"/>      
        <ref bean="emp2"/>
        <ref bean="emp3"/>
       
       </list>
     </property>
</bean>

<!-- 
<bean name="emp2" class="com.cts.aj007.spring_demo_2.entity.Employee">
       <property name="employeeId" value="E102"/>
       <property name="firstName" value="Rohit"/>
       <property name="lastName" value="Sharma"/>
</bean>                                                commented this bean for last list example     -->
 
</beans>   